x,y,z
0.00007562,0.00009201,-0.00017608
1.00670099,-0.34000161,-0.03964401
-0.08755518,0.03068844,0.00289710
-1.04185426,0.37494683,0.03768121
-2.00813317,0.74941087,0.08310449
-3.11373258,1.17635226,0.12994510
-4.15521479,1.46103954,0.17209223
-5.30771971,1.50039136,0.22553912
-6.20282173,1.35594702,0.26604819
-7.15920115,1.04847717,0.31011456
-8.11443329,0.68129450,0.35131580
-9.04283905,0.25366354,0.39366797
-10.16448307,-0.29894313,0.44733727
-11.27783680,-0.84244496,0.50549042
-12.35133743,-1.36428511,0.56102288
-13.46760559,-1.91054845,0.60148031
-14.38754463,-2.40152454,0.66528136
-15.38684559,-3.15586901,0.70684576
-16.35121918,-3.91635036,0.75651217
-17.32124329,-4.67406702,0.80105376
-18.26842690,-5.38747501,0.83751279
-19.25954628,-6.12502050,0.87461782
-20.21872711,-6.81618834,0.91306698
-21.15981102,-7.46706772,0.95697308
-22.09122658,-8.08600330,1.00110662
-23.07418251,-8.66243172,1.05501270
-24.15537453,-9.18324661,1.10703540
-25.29480171,-9.67014313,1.17342436
-26.41267586,-10.12475872,1.22545910
-27.53795052,-10.56102848,1.29921222
-28.58771896,-10.94086361,1.34313667
-29.69676208,-11.37217617,1.41872883
-30.83358383,-11.87411594,1.48414338
-31.78990746,-12.30450153,1.55135190
-32.68855286,-12.77665043,1.57652795
-33.64606857,-13.25630665,1.67254865
-34.65463638,-13.76431465,1.76423633
-35.56238174,-14.20751286,1.82726860
-36.52118301,-14.65945625,1.89287329
-37.50352478,-15.11182499,1.96265101
-38.51310349,-15.57700825,2.01358533
-39.51750565,-16.00374603,2.08426833
-40.58626938,-16.43402290,2.15956450
-41.66130066,-16.86164284,2.23029590
-42.75381470,-17.18734169,2.28868294
-43.93287277,-17.32894325,2.34018540
-45.10220718,-17.39468765,2.38637447
-46.27734756,-17.41766930,2.42905235
-47.43365860,-17.41035080,2.46074843
-48.59818268,-17.38591194,2.51059246
-49.76504517,-17.33215714,2.52404070
-50.94676590,-17.22607231,2.55477500
-52.15451813,-17.05095863,2.58283854
-53.33857727,-16.87058067,2.59379840
-54.52571869,-16.66598320,2.62333918
-55.62924194,-16.45298576,2.69826961
-56.71378708,-16.21812057,2.75276685
-57.90456772,-15.95260620,2.73020458
-59.12647247,-15.65423393,2.68919039
-60.28090668,-15.34897518,2.71574378
-61.51733398,-15.04895592,2.72952652
-62.60597610,-14.85825253,2.76237798
-63.74993134,-14.78976917,2.78143740
-64.89126587,-14.88194180,2.78633475
-65.96775055,-15.13833618,2.80131149
-66.99481201,-15.59185028,2.84340978
-67.39865875,-15.87851143,2.85009623
-67.75358582,-16.30532837,2.82486320
-68.00941467,-16.80828857,2.69954515
-68.06767273,-17.40088844,2.84403872
-68.24485016,-18.51245499,3.03666568
-68.38243103,-19.49682045,3.17055941
-68.55024719,-20.51631165,3.27575874
-68.71595001,-21.50130081,3.39493704
-68.89279938,-22.61454201,3.50039363
-68.97708893,-23.12804985,3.54304028
-69.34398651,-23.60953903,3.61115718
-70.13654327,-24.44289398,3.75482941
-70.97016907,-25.26415253,3.95383525
-71.40776062,-25.98844528,4.08617592
-71.71545410,-27.09974289,4.23331976
-72.04390717,-28.15655136,4.38253164
-72.34181976,-29.11267281,4.53832483
-72.69788361,-30.31328392,4.72100830
-73.00537872,-31.29178047,4.88748264
-73.25650787,-32.28001022,5.00259733
-73.46691895,-33.47457504,5.17061758
-73.56119537,-34.51578903,5.31229973
-73.67704010,-35.57110596,5.42663002
-73.80028534,-36.67151260,5.55558872
-73.93449402,-37.76591492,5.67480278
-74.09600067,-38.86536026,5.79331636
-74.25554657,-39.86150742,5.90996218
-74.42911530,-40.86963272,5.96652317
-74.64443207,-42.03380966,6.03805685
-74.85639191,-43.25776291,6.10569811
-75.00183105,-44.48408890,6.17456627
-75.05797577,-45.50593185,6.19938993
-75.11962128,-46.55419922,6.21406507
-75.21424866,-47.61680222,6.25552940
-75.29410553,-48.65728760,6.29584885
-75.39692688,-49.72502518,6.32518148
-75.52365112,-50.95816803,6.37281942
-75.66387939,-52.16998672,6.42465353
-75.83483887,-53.28532791,6.44890022
-75.88616180,-54.38890457,6.48504925
-75.79870605,-55.50548935,6.49608564
-75.70553589,-56.55228043,6.52816439
-75.61851501,-57.61719131,6.51223183
-75.53036499,-58.66689301,6.50815868
-75.48210144,-59.69173431,6.49370670
-75.41584015,-60.72961426,6.48965740
-75.37665558,-61.84244156,6.45644760
-75.34246826,-62.93247223,6.43224955
-75.30554199,-64.01926422,6.43110895
-75.24277496,-65.14763641,6.45448303
-75.18762970,-66.29109192,6.46769238
-75.08001709,-67.39693451,6.44759274
-74.82688904,-68.48898315,6.43830156
-74.50293732,-69.52549744,6.43772411
-74.13527679,-70.59530640,6.43050528
-73.60570526,-71.57029724,6.40322685
-72.95385742,-72.53800201,6.39940357
-72.22050476,-73.49839783,6.35106325
-71.61034393,-73.99610901,6.30256081
-70.71270752,-74.61281586,6.27471590
-69.76447296,-75.19954681,6.19635677
-68.78772736,-75.75745392,6.13848877
-67.73297119,-76.38676453,6.04901409
-66.89507294,-76.96393585,5.95548582
-66.06204987,-77.55589294,5.88178778
-65.18674469,-78.16976166,5.76135111
-64.28987885,-78.81562042,5.59494591
-63.40319443,-79.48258972,5.48581171
-62.47658920,-80.00159454,5.32730627
-61.49556351,-80.47429657,5.24026632
-60.55501175,-80.92260742,5.14164686
-59.55184174,-81.41481018,5.02800989
-58.54956436,-81.90567017,4.92986774
-57.55671692,-82.39496613,4.80717897
-56.66963959,-82.86000824,4.70875406
-55.77076721,-83.33586121,4.61933184
-54.70957947,-83.92048645,4.49581528
-53.67454910,-84.52209473,4.39300060
-52.64739990,-85.11882019,4.27953482
-51.60887909,-85.76084900,4.17185593
-50.59400558,-86.40170288,4.07598972
-49.48041916,-86.95816803,3.93832684
-48.57894135,-87.41676331,3.77066255
-47.63342667,-87.89238739,3.68427134
-46.62381744,-88.41955566,3.58854556
-45.64574051,-88.96826935,3.56847024
-44.74141312,-89.49501801,3.52362061
-43.73585129,-90.09442902,3.49052382
-42.78015518,-90.67362976,3.43297648
-41.77340698,-91.33028412,3.37117720
-40.87398911,-92.05588531,3.36027193
-40.31141281,-92.77845764,3.31281805
-40.01190948,-93.67585754,3.33765507
-39.97583008,-94.56174469,3.33035660
-40.18476868,-95.45075989,3.33185315
-40.58285904,-96.29568481,3.30655456
-41.13875961,-97.13191986,3.29229856
-41.60357285,-97.75906372,3.29241824
-41.60758591,-98.27259064,3.28581262
-41.56905746,-99.49525452,3.20873070
-41.31181335,-100.70211029,3.17005062
-40.75218201,-101.75598907,3.10029364
-40.08892822,-102.75279999,3.06109667
-39.41619873,-103.64899445,3.01434278
-38.75570297,-104.52289581,2.97720075
-38.12411118,-105.37717438,2.95145702
-37.39258575,-106.31644440,2.92762375
-36.69795990,-107.14035034,2.87479520
-35.99223709,-107.97321320,2.86957431
-35.25887680,-108.84921265,2.75371146
-34.44612503,-109.83036804,2.71847868
-33.75006485,-110.72570038,2.71158147
-33.01376343,-111.66135406,2.65963173
-32.33417892,-112.56919861,2.63228679
-31.66203880,-113.49716187,2.60741973
-30.96213150,-114.49100494,2.57957029
-30.32087326,-115.38612366,2.53584909
-29.65634918,-116.37453461,2.49436402
-29.00880432,-117.37141418,2.45064878
-28.37342834,-118.38574982,2.42172933
-27.73552895,-119.34741974,2.38971257
-27.02902794,-120.25504303,2.33638215
-26.23323631,-121.11291504,2.28788590
-25.44458961,-121.94371033,2.30539250
-24.64347267,-122.84609222,2.24545455
-23.96636009,-123.45026398,2.20459747
-23.15594673,-123.85011292,2.15660739
-22.03671837,-124.08199310,2.13831878
-20.97764397,-124.03791809,2.09880209
-19.93838310,-123.83435822,2.08535910
-18.87676811,-123.52203369,2.06215215
-17.81637001,-123.20561218,2.02651167
-16.77343559,-122.87133789,2.00438404
-15.76961803,-122.53448486,1.99821329
-14.72850895,-122.17217255,2.00657034
-13.77187443,-121.70635986,2.02904248
-12.87387180,-121.13496399,2.08106184
-11.97061348,-120.48157501,2.10877776
-11.08391190,-119.79389191,2.11565590
-10.18019772,-119.07284546,2.13160300
-9.39550495,-118.28362274,2.12900782
-8.74163246,-117.40396118,2.14416552
-8.22526360,-116.47330475,2.13793039
-7.73958588,-115.53018188,2.11356568
-7.09883451,-114.62390900,2.09670353
-6.41462421,-113.82981110,2.06743050
-5.66892004,-113.13808441,2.02436161
-4.86998034,-112.49597931,1.99787331
-4.02694750,-111.57382202,1.93113363
-3.69512486,-111.01861572,2.01329494
-3.54060555,-110.30547333,2.01394725
-3.57280970,-109.62769318,2.00110221
-3.73592401,-108.99571228,1.97587609
-4.22058487,-107.99365234,1.93407834
-4.85832262,-107.08665466,1.89578152
-5.57149172,-106.08977509,1.84330678
-6.27150726,-105.09170532,1.81399071
-6.87507343,-104.20651245,1.77329922
-7.48868942,-103.29222107,1.73176229
-8.12509632,-102.31731415,1.66547287
-8.72427177,-101.38555908,1.60546219
-9.33841038,-100.37720490,1.54073131
-9.87898636,-99.42169189,1.50328279
-10.06164265,-98.81230164,1.50756168
-10.12827015,-98.13181305,1.48912740
-9.97898388,-97.24544525,1.46732736
-9.58242512,-96.22629547,1.45737314
-9.17188644,-95.30277252,1.44841003
-8.62909412,-94.35638428,1.45762527
-8.04878521,-93.35799408,1.41594481
-7.54196119,-92.42129517,1.39932644
-6.90750790,-91.50447845,1.38270020
-6.09970427,-90.70152283,1.38716006
-5.20771933,-90.05158234,1.36577702
-4.27935362,-89.42241669,1.35048854
-3.33948541,-88.78325653,1.35553586
-2.44345093,-88.11250305,1.31255722
-1.55670655,-87.44358063,1.28340518
-0.62425101,-86.76273346,1.25995541
0.33748612,-86.07474518,1.23715830
1.27018404,-85.41268921,1.22621918
2.23438501,-84.78504944,1.21172309
3.24408650,-84.24782562,1.21787524
4.36440182,-83.85826874,1.21850443
5.34661961,-83.65081787,1.21613872
6.30132246,-83.66799164,1.21572840
7.14966917,-83.88756561,1.20873368
8.10757732,-84.34104156,1.21428490
9.08414459,-84.84453583,1.24082649
10.01168346,-85.39051819,1.27397299
10.87255001,-86.00350189,1.29741085
11.64516068,-86.68435669,1.31836164
12.32313919,-87.51535797,1.31845510
12.99681473,-88.43730164,1.32585299
13.58657837,-89.29806519,1.35773408
14.18801403,-90.20213318,1.38605893
14.78396606,-91.12528992,1.40461564
15.46494484,-91.98806000,1.42879140
16.17334175,-92.48461914,1.45438993
16.97370911,-92.82420349,1.47906935
17.81902313,-92.96139526,1.52177346
18.84383392,-92.92051697,1.57124960
19.79397774,-92.64073944,1.65528500
20.72131348,-92.16034698,1.73844504
21.42113113,-91.56052399,1.84733212
21.85231590,-91.02655029,1.94294119
22.10851860,-90.32541656,2.01908183
22.18151474,-89.63878632,2.09243631
22.12782478,-89.17645264,2.13103652
21.93811989,-88.57598877,2.17015266
21.40776062,-87.56356812,2.25695205
20.78361702,-86.54229736,2.35686159
20.04008484,-85.69340515,2.43216586
19.19445610,-84.93083191,2.54670835
18.86050415,-84.53317261,2.58716226
18.63723373,-84.26746368,2.61367989
18.60481644,-83.99430847,2.59269071
18.67045021,-83.59286499,2.59586906
19.03339577,-83.27362823,2.62492323
19.92739105,-82.67298889,2.72465038
20.63747787,-81.90779114,2.81644464
21.31713104,-81.09817505,2.88962030
22.01282310,-80.29512787,2.93567181
22.75830460,-79.47887421,2.99795365
23.44654846,-78.73163605,3.03431368
24.27534294,-77.84414673,3.12274337
25.12201500,-76.96686554,3.17616653
25.97304726,-76.10517883,3.23027706
26.80579948,-75.28927612,3.28784156
27.63088989,-74.49485016,3.35852742
28.39879799,-73.78673553,3.40036273
29.16346359,-73.07221985,3.47867489
29.88230324,-72.20336151,3.53342247
30.64456749,-71.27535248,3.61313558
31.37518501,-70.57443237,3.68167162
32.22074509,-69.90507507,3.73478079
33.16122055,-69.17176819,3.83384180
33.93945694,-68.45682526,3.84808230
34.87621307,-67.68104553,3.90048003
35.87872314,-66.95806122,3.95790195
36.87490082,-66.27550507,4.03209448
37.82889557,-65.63004303,4.09819937
38.86761856,-64.98342896,4.14830256
39.89185715,-64.35953522,4.16684484
40.90167236,-63.75122833,4.21748781
41.87964249,-63.19951248,4.23782444
42.82253265,-62.61314011,4.27053022
43.74529266,-61.99228668,4.29244137
44.69165039,-61.38344955,4.32380295
45.65616989,-60.74705505,4.33729362
46.62215424,-60.05392838,4.36387968
47.53898621,-59.34083939,4.40925598
48.45159149,-58.53744888,4.42473221
49.37183762,-57.74403000,4.44727802
50.29212952,-56.97476578,4.46562099
51.24711227,-56.25626373,4.49132299
52.30861282,-55.64312363,4.49895000
53.34936905,-54.99604416,4.51690245
54.37895966,-54.33768082,4.52595139
55.35855865,-53.71797562,4.55079937
56.34690094,-53.09892273,4.56128740
57.34075546,-52.52002335,4.58697891
58.36496353,-51.91706467,4.62342548
59.26710510,-51.17173767,4.62291718
60.28579330,-50.52093506,4.65333748
61.33869171,-49.93997574,4.69353771
62.30179214,-49.32309723,4.69837904
63.29155731,-48.63045120,4.72708225
64.33924866,-47.99533081,4.76451635
65.39911652,-47.37779236,4.78680420
66.41533661,-46.70291519,4.80833912
67.39752197,-46.02054596,4.82835770
68.33000946,-45.39379501,4.84043455
69.20302582,-44.82038116,4.88979578
70.06873322,-44.26253510,4.91969776
71.00306702,-43.69130707,4.94173956
71.92292786,-43.14180374,4.97804689
72.84109497,-42.61434937,5.01547337
73.72898102,-42.08798218,5.03544617
74.61785126,-41.53628159,5.08893490
75.56233978,-40.90269852,5.11214113
76.36654663,-40.28362274,5.11960363
77.13479614,-39.64135742,5.16779947
78.05098724,-38.86006165,5.21576357
78.88087463,-38.13953781,5.24088383
79.79521179,-37.39192963,5.23115873
80.73380280,-36.63026810,5.21264315
81.70753479,-35.87875748,5.21117210
82.69857025,-35.18902588,5.20821428
83.55567932,-34.67340088,5.18238592
84.62516022,-34.06551361,5.17600489
85.60218811,-33.50284958,5.18042707
86.68710327,-32.92097473,5.13839626
87.71106720,-32.37046814,5.11791849
88.74295807,-31.84715271,5.09316397
89.80181885,-31.30912590,5.07078314
90.86817169,-30.69366455,5.06948280
91.57325745,-30.08169556,5.03105068
91.95513153,-29.62339973,5.01904583
92.19473267,-29.05520821,4.99961758
92.32769012,-28.43116188,5.02564383
92.32964325,-27.88485336,5.02292633
92.20311737,-27.41245842,5.04712391
91.88375854,-26.78645897,5.02617073
91.54484558,-26.40298080,5.02225208
91.24871063,-26.17595100,4.98648691
90.95429230,-26.07830620,4.96108103
90.22880554,-25.92649460,4.92539167
89.74878693,-26.00173378,4.88839245
88.70583344,-26.30600357,4.78280449
87.69296265,-26.64286232,4.72030735
86.62467194,-26.89459419,4.64432049
85.60936737,-27.09257126,4.56160688
84.60224915,-27.22581863,4.48462057
83.41327667,-27.56622696,4.37660265
82.21067047,-27.91880608,4.26118231
81.19100952,-28.19884491,4.16905832
80.19441223,-28.48947334,4.07620096
79.08385468,-28.67924309,3.97486997
77.97316742,-28.71242714,3.84734893
76.81305695,-28.61215591,3.75599813
75.82500458,-28.42002487,3.68875647
74.84248352,-28.19760704,3.63036990
73.77992249,-27.91500092,3.57477593
72.69033051,-27.59897041,3.51531076
71.69519043,-27.50042534,3.48836279
70.69079590,-27.50321770,3.44234228
69.63314819,-27.48954010,3.41541958
68.59343719,-27.45906830,3.38324165
67.38347626,-27.54060745,3.39555645
66.32166290,-27.82276344,3.50979066
65.15591431,-28.08369446,3.58031225
64.07450867,-28.37863922,3.57002306
63.07991028,-28.66914749,3.56567287
61.98584747,-29.00688171,3.54894638
61.02939987,-29.32083321,3.52967691
60.05670547,-29.65580940,3.52580786
58.92581940,-30.04340935,3.50869703
57.87384033,-30.32515144,3.50226855
56.79297638,-30.58233833,3.48818493
55.69681549,-30.81318092,3.46681762
54.56937027,-31.04544067,3.46345949
53.52853012,-31.28215027,3.47350526
52.54716492,-31.53583527,3.46487641
51.53487778,-31.80715179,3.45576429
50.38161469,-32.11884308,3.45044589
49.38824463,-32.37375259,3.45154548
48.16864777,-32.67585754,3.43819618
46.99463272,-32.93891144,3.43090439
45.78824615,-33.24612427,3.43299747
44.74956131,-33.52127075,3.41316533
43.69731522,-33.79145432,3.40005779
42.52166748,-34.02373505,3.39337730
41.39212799,-34.21764755,3.38570404
40.27780914,-34.43242645,3.37278199
39.13381577,-34.66531372,3.36548114
38.09357834,-34.85700989,3.35830164
36.98373795,-35.04774094,3.34966898
35.86370850,-35.22568512,3.32393050
34.72781754,-35.37011337,3.31463814
33.72645187,-35.48282623,3.29627943
32.49581146,-35.58716965,3.26810265
31.41096306,-35.74229813,3.26546550
30.25115585,-35.91369247,3.22695494
29.22993279,-36.05433273,3.20808363
28.19101906,-36.18903351,3.20657802
26.98868370,-36.32254410,3.19742036
25.92340088,-36.35274887,3.16292858
24.69673538,-36.32049561,3.12890291
23.48047066,-36.29378891,3.11691880
22.41072273,-36.25946808,3.10305667
21.22245026,-36.21218491,3.06419897
20.15530014,-36.15607071,3.03503776
18.99211884,-36.06448364,3.03463268
17.77645493,-35.92779160,3.00402188
16.62246895,-35.75530624,2.97617579
15.43062019,-35.55624390,2.95035863
14.23111629,-35.31517410,2.94030523
13.23129177,-35.10029984,2.89637804
12.06161880,-34.87911987,2.88487387
10.92829609,-34.66075134,2.89186049
9.89329720,-34.46173477,2.86538696
8.85723305,-34.24009705,2.85521984
7.76026011,-33.99714661,2.83361077
6.60075760,-33.71550369,2.82037544
5.42426109,-33.41304016,2.78193974
4.13983202,-33.06648254,2.74823046
2.94535089,-32.73458862,2.72918057
1.72474182,-32.36754227,2.71814823
0.54411107,-31.98301315,2.69658804
-0.65354979,-31.52065277,2.67222381
-1.84529662,-31.03250122,2.64280462
-3.09612274,-30.61123657,2.62691021
-4.03939772,-30.24245834,2.61157417
-5.03922272,-29.80820847,2.57530570
-6.29536390,-29.27620888,2.54976606
-7.23285437,-28.91927910,2.53809476
-8.17730522,-28.55845451,2.51334524
-9.32492924,-28.10468483,2.49455047
-10.38078308,-27.65982628,2.49514151
-11.40519714,-27.23038292,2.45957661
-12.42252064,-26.78947449,2.45788217
-13.37153721,-26.40933037,2.44515991
-14.31731415,-26.02627563,2.42481852
-15.23560810,-25.62816620,2.40858221
-16.18457985,-25.25676918,2.40900755
-17.12775230,-24.88741684,2.39450908
-18.07324600,-24.53140450,2.38117766
-19.06547356,-24.13312531,2.36365604
-20.08378983,-23.72918701,2.36149025
-21.09190369,-23.34476662,2.36528134
-22.09403419,-22.94871712,2.35235047
-23.12225533,-22.54707718,2.32562280
-24.11159706,-22.16996193,2.33126545
-25.14022255,-21.78964615,2.32412958
-26.16734886,-21.42488861,2.29766440
-27.15276146,-21.05315399,2.27862787
-28.18720818,-20.67412758,2.27721047
-29.13825226,-20.29474831,2.27891254
-30.07683372,-19.93289566,2.27816844
-31.27201080,-19.40240860,2.23452330
-31.86013412,-19.02833748,2.16386199
-32.71986008,-18.30471611,1.94567895
-33.47315979,-17.50257874,1.85848248
-33.98804092,-16.78293610,1.84212565
-34.12036133,-16.48197174,1.81547487
-34.22885895,-16.15801048,1.82723737
-34.20654297,-15.54647636,1.78075302
-33.99834442,-14.83550930,1.72994673
-33.40389633,-13.98856163,1.66024148
-32.71497726,-13.16259480,1.59412682
-31.90954590,-12.40159130,1.52312505
-31.00652885,-11.74170303,1.48331976
-30.49359703,-11.49969387,1.46064103
-29.86466408,-11.33373928,1.41095221
-28.74257278,-11.26449680,1.34155452
-27.69136620,-11.22233868,1.26836991
-26.71291161,-11.06716156,1.22935796
-25.67887688,-10.61264133,1.16724610
-24.42461586,-10.08080959,1.11160505
-23.43342209,-9.77493382,1.05685544
-22.44690895,-9.37194157,0.99127227
-21.36487579,-8.85053825,0.95045942
-20.28439331,-8.31648922,0.87777746
-19.21071053,-7.79665709,0.83394486
-18.20991325,-7.19235086,0.79043478
-17.16183090,-6.56511641,0.74044597
-16.11171341,-5.95736217,0.69567549
-15.25555038,-5.41595125,0.65160429
-14.38338280,-4.85520983,0.60776973
-13.48083878,-4.31000280,0.58966726
-12.51370239,-3.74752545,0.52539510
-11.53835678,-3.17616105,0.49431330
-10.55684566,-2.64709949,0.42971742
-9.53991413,-2.11398602,0.39281228
-8.53977680,-1.60635233,0.34402424
-7.58826637,-1.13181067,0.29805917
-6.57540035,-0.66334575,0.26148400
-5.48214340,-0.26971239,0.22195387
-4.40586567,0.00406392,0.18538795
-3.30326247,0.17443389,0.15200594
-2.24654984,0.14776482,0.08813182
-1.12976336,-0.04826168,0.05416790
-0.26818883,-0.34982842,0.01060010
